site;title;company;date_posted;job_type;skills;level;job_group;workplace;city;state;country;city_state;experience;education;programming_languages;languages
indeed;Business Intelligence Developer / Analyst - Remote, Latin America;Bluelight Consulting;8/03/2026;fulltime;CSS, JavaScript, Agile, React, SSIS, SQL, DAX, SSAS, Tableau, R, Power BI, Azure, SSRS, AWS;Mid-Level;Business Intelligence;Remote;Cusco;CUS;PE;Cusco,CUS;2;Bachelor;SQL, R, JavaScript, CSS, DAX;English
indeed;Senior Business Intelligence;Bluelight Consulting;8/03/2026;fulltime;Python, SQL, Looker, Excel, Power BI;Senior;Business Intelligence;Remote;Lima;LIM;PE;Lima,LIM;0;Bachelor;Python, SQL;English
indeed;Senior Data Engineer (Celonis / Microsoft Fabric) - 100% Remote;Bertoni Solutions;6/03/2026;fulltime;SQL, ERP, Fabric, Power BI, , Azure;Senior;Data Engineer;Hybrid;Santiago de Surco;LIM;PE;Santiago de Surco,LIM;5;Bachelor;SQL;Spanish, English
indeed;3PL Logistics Data Analyst (Remote) | LATAM;HireHawk;5/03/2026;fulltime;Excel,SQL,Power BI,Data Visualization;Mid-Level;Data Analyst;Remote;Lima;LIM;PE;Lima,LIM;5;Bachelor;;English
indeed;SSC Master Data / Pre-Qualification Analyst;Millicom;5/03/2026;fulltime;Agile, Excel, Power BI, , Master;Mid-Level;Data Analyst;Hybrid;El Salvador;LIM;PE;El Salvador,LLI;2;Master;;Spanish, English
indeed;Analista de Data Ecommerce;Entel;4/03/2026;fulltime;Python, SQL, Looker, Excel, Power BI;Mid-Level;Data Analyst;On Site;Lima;LIM;PE;Lima,LIM;0;Bachelor;Python, SQL;Spanish
indeed;(Associate) Investment Officer, Infrastructure, Peru, Bolivia and Ecuador;World Bank Group;4/03/2026;fulltime;Excel,SQL,Power BI,Data Visualization;Mid-Level;Business Intelligence;Hybrid;Lima;LIM;PE;Lima,LIM;3;Master;;Spanish, English
indeed;Help Desk Support Analyst;SoftwareOne;4/03/2026;fulltime;SQL,Excel,Power BI,Data Visualization;Mid-Level;Data Analyst;On Site;Lima;LIM;PE;Lima,LIM;2;Bachelor;;Spanish
indeed;Analista de Riesgos - Data;InterBank;2/03/2026;fulltime;SQL, Power BI, Python;Mid-Level;Data Analyst;On Site;Lima;LIM;PE;Lima,LIM;0;Bachelor;Python, SQL;Spanish
indeed;Customer Success Analyst;OHS;27/02/2026;fulltime;Power BI, Google Sheets, Excel, Jira;Mid-Level;Data Analyst;On Site;Lima;LIM;PE;Lima,LIM;0;Bachelor;;Spanish
indeed;Sr. Trade Mkt Analyst;Kimberly-Clark;26/02/2026;fulltime;Power BI, Google Sheets, Excel, Jira;Senior;Data Analyst;Hybrid;Lima;LIM;PE;Lima,LIM;3;Bachelor;;Spanish, English
indeed;Customer Success Analyst;Connfidencial;26/02/2026;fulltime;Power BI, Google Sheets, Excel, Jira;Mid-Level;Data Analyst;Hybrid;Lima;LIM;PE;Lima,LIM;0;Bachelor;;Spanish, English
indeed;Practicante - Data Analysis;HAKUTOURS;25/02/2026;fulltime;Excel,SQL,Power BI,Data Visualization;Junior;Data Analyst;On Site;Miraflores;LIM;PE;Miraflores,LIM;0;Bachelor;;Spanish
indeed;Analyst, Visa Consulting and Analytics (VCA) Core Consulting;Visa;25/02/2026;fulltime;Excel,  MBA, Master;Mid-Level;Data Analyst;Hybrid;Lima;LIM;PE;Lima,LIM;2;MBA;;Spanish, English
indeed;Growth data analyst, B2C;AUNA Accesos;24/02/2026;fulltime;Power BI, Looker;Mid-Level;Data Analyst;On Site;Lima;LIM;PE;Lima,LIM;0;Bachelor;;Spanish
indeed;QA Data Analyst;Perú Apps & Moventi;23/02/2026;fulltime;Azure, SQL, Databricks, GitHub;Mid-Level;Data Analyst;On Site;San Isidro;LIM;PE;San Isidro,LIM;0;Bachelor;SQL;Spanish
indeed;SR. DATA ANALYST;Praxis Mexico;20/02/2026;fulltime;Python, Spark, SQL, Excel, Power BI, Azure, Databricks;Senior;Data Analyst;On Site;San Isidro;LIM;PE;San Isidro,LIM;0;Bachelor;Python, SQL;Spanish
indeed;Supply Planning Export Analyst;Mondel?z International;19/02/2026;fulltime;Power BI, SAP, Excel;Mid-Level;Business Intelligence;Hybrid;Lima;LIM;PE;Lima,LIM;0;Bachelor;;Spanish, English
indeed;Software Analyst - Associate / ETRM;PCI Energy Solutions;19/02/2026;fulltime;Python, Agile, React, SQL, ;Mid-Level;Data Analyst;Hybrid;Lima;LIM;PE;Lima,LIM;0;Bachelor;Python, SQL;Spanish, English
indeed;Data Analyst;Infosys;18/02/2026;fulltime;Office, Power BI, Jira;Mid-Level;Data Analyst;On Site;Lima;LIM;PE;Lima,LIM;0;Bachelor;;Spanish
indeed;Data Analyst Senior;S.A.C.I. Falabella;16/02/2026;fulltime;SQL, Python, Looker, Excel;Senior;Data Analyst;Remote;Lima;LIM;PE;Lima,LIM;0;Bachelor;Python, SQL;English
indeed;Data Analyst;S.A.C.I. Falabella;16/02/2026;fulltime;SQL, Python, Looker;Mid-Level;Data Analyst;Remote;Lima;LIM;PE;Lima,LIM;0;Bachelor;Python, SQL;English
indeed;DataOps Analyst;CREDICORP CAPITAL;12/02/2026;fulltime;SQL, DAX, SAP, , Excel, Salesforce, Power BI, , Power Automate, Power Pivot, Power Query, VBA;Mid-Level;Data Analyst;Remote;Lima;LIM;PE;Lima,LIM;0;Bachelor;SQL, DAX;English
indeed;After Sales Sr Analyst;Newell Brands;11/02/2026;fulltime;SQL, DAX, SAP, , Excel, Salesforce, Power BI, , Power Automate, Power Pivot, Power Query, VBA;Senior;Data Analyst;Remote;Lima;LIM;PE;Lima,LIM;2;Bachelor;SQL, DAX;English
indeed;Business Intelligence;Siemens Energy;11/02/2026;fulltime;CMA, SAP, CPA, MBA, Master;Mid-Level;Business Intelligence;On Site;Lima;LIM;PE;Lima,LIM;0;MBA;;Spanish
indeed;BI Developer;Learntastic;10/02/2026;fulltime;Snowflake, SQL, ERP, Power BI, Azure, AWS;Mid-Level;Business Intelligence;Remote;Lima;LIM;PE;Lima,LIM;3;Bachelor;SQL;English
indeed;Service Designer - Sr. Analyst;CREDICORP CAPITAL;6/02/2026;fulltime;Artificial Intelligence;Senior;Data Analyst;On Site;Lima;LIM;PE;Lima,LIM;0;Bachelor;;Spanish
indeed;KYC Quality Control Analyst;eClerx;3/02/2026;fulltime;SQL,Excel,Power BI,Data Visualization;Mid-Level;Data Analyst;Hybrid;Lima;LIM;PE;Lima,LIM;6;Bachelor;;Spanish, English
indeed;KYC Analyst;eClerx;3/02/2026;fulltime;SQL,Excel,Power BI,Data Visualization;Mid-Level;Data Analyst;Remote;Lima;LIM;PE;Lima,LIM;4;Bachelor;;English
indeed;Operations Quality Team Leader;Atlas Technica;30/01/2026;fulltime;SQL,Excel,Power BI,Data Visualization;Lead;Data Analyst;Remote;El Salvador;LIM;PE;El Salvador,LLI;1;Bachelor;;English
indeed;Data Scientist;JOYIT;2/03/2026;fulltime;Python, SciKit, SQL, NumPy, Tableau, Power BI, Pandas, Machine Learning, Azure, Tensor Flow, AWS;Mid-Level;Data Scientist;Remote;Lima;LIM;PE;Lima,LIM;0;Bachelor;Python, SQL;English
indeed;Data Scientist Especialista;Entel;27/02/2026;fulltime;SQL, Python;Mid-Level;Data Scientist;Remote;Lima;LIM;PE;Lima,LIM;0;Bachelor;Python, SQL;English
indeed;Senior Database Engineer;Definable Solutions;17/02/2026;fulltime;Python, Spark, C#, SQL, , AWS;Senior;Data Engineer;Remote;Lima;LIM;PE;Lima,LIM;0;Bachelor;Python, SQL, C#;English
indeed;Data Scientist;IDT Corporation;13/02/2026;fulltime;Python, SciKit, Artificial Intelligence, SQL, Tableau, , Pandas;Mid-Level;Data Scientist;Remote;Lima;LIM;PE;Lima,LIM;3;Bachelor;Python, SQL;English
indeed;Data Scientist;CREDICORP CAPITAL;11/02/2026;fulltime;Python, SQL, Power BI, Azure, Databricks;Mid-Level;Data Scientist;Hybrid;Lima;LIM;PE;Lima,LIM;0;Bachelor;Python, SQL;Spanish, English
indeed;Data Engineer (Semi Senior / Senior);Amaris Consulting;5/03/2026;fulltime;Spark, Airflow, SQL, Google Cloud, Azure, Databricks, AWS;Senior;Data Engineer;On Site;Lima;LIM;PE;Lima,LIM;0;Bachelor;SQL;Spanish
indeed;Data Engineer AWS;ZAT;2/03/2026;fulltime;SQL, DAX, AWS, Power BI;Mid-Level;Data Engineer;Remote;Miraflores;LIM;PE;Miraflores,LIM;0;Bachelor;SQL, DAX;English
indeed;Data Engineer;JOYIT;2/03/2026;fulltime;Python, Spark, Airflow, SQL, Docker, Azure, AWS;Mid-Level;Data Engineer;Remote;Lima;LIM;PE;Lima,LIM;0;Bachelor;Python, SQL;English
indeed;Administrador de Base de datos (Cloud) - Multicloud Database Operation Specialist;Soluciones Orion;23/02/2026;fulltime;SQL, Oracle, Google Cloud, Azure, MongoDB, AWS;Mid-Level;Data Engineer;Remote;Miraflores;LIM;PE;Miraflores,LIM;0;Bachelor;SQL;English
indeed;Cloud Platform Operations Engineer SR.;Millicom;19/02/2026;fulltime;Python,SQL,Azure,Data Pipelines;Senior;Data Engineer;Remote;El Salvador;LIM;PE;El Salvador,LLI;5;Bachelor;;English
indeed;Especialista Data Engineer;Entel;28/01/2026;fulltime;Python, Spark, SQL, Azure, AWS;Mid-Level;Data Engineer;On Site;Lima;LIM;PE;Lima,LIM;0;Bachelor;Python, SQL;Spanish
indeed;Especialista Data Strategist;Entel;28/01/2026;fulltime;Python, Spark, SQL, Azure, Databricks, AWS;Mid-Level;Data Analyst;Hybrid;Lima;LIM;PE;Lima,LIM;0;Bachelor;Python, SQL;Spanish, English
indeed;IT Infrastructure Services Analyst Senior;Scotiabank;4/03/2026;fulltime;SQL,Excel,Power BI,Data Visualization;Senior;Data Engineer;On Site;San Isidro;LIM;PE;San Isidro,LIM;0;Bachelor;;Spanish
indeed;Analyst, Accreditation;Metso;4/03/2026;fulltime;SQL,Excel,Power BI,Data Visualization;Mid-Level;Data Analyst;On Site;Lima;LIM;PE;Lima,LIM;0;Bachelor;;Spanish
indeed;Business Support Analyst(Costa Rica and Peru);TechBiz Global GmbH;24/02/2026;fulltime;SQL,Excel,Power BI,Data Visualization;Mid-Level;Business Intelligence;Remote;Lima;LIM;PE;Lima,LIM;0;Bachelor;;English
indeed;Consultor de Procesos y Negocio / Business Intelligence (Exp. en ERP);Sumatek;16/02/2026;fulltime;Oracle, SAP, ERP;Mid-Level;Business Intelligence;Remote;Lince;LIM;PE;Lince,LIM;0;Bachelor;;English
indeed;Business Intelligence;Gallagher;6/02/2026;fulltime;SQL,Excel,Power BI,Data Visualization;Mid-Level;Business Intelligence;Remote;Lima;LIM;PE;Lima,LIM;0;Bachelor;;English
indeed;Project Logistics Data Analyst M/F;GEODIS;6/02/2026;fulltime;SQL,Excel,Power BI,Tableau,Data Visualization;Mid-Level;Data Analyst;Remote;San Isidro;LIM;PE;San Isidro,LIM;5;Bachelor;;English
indeed;Business Innovator - Analyst;CREDICORP CAPITAL;6/02/2026;fulltime;PowerPoint, Chat GPT, Artificial Intelligence, Excel, Power BI;Mid-Level;Business Intelligence;On Site;Lima;LIM;PE;Lima,LIM;0;Bachelor;;Spanish
indeed;System Analyst;MAERSK;30/01/2026;fulltime;Office, SQL, Java;Mid-Level;Data Analyst;On Site;Lima;LIM;PE;Lima,LIM;5;Bachelor;SQL, Java;Spanish
indeed;Finance, General Finance Analyst IV - TELUS Digital Central America;TELUS Digital;29/01/2026;fulltime;ERP, CPA, Google Sheets;Mid-Level;Business Intelligence;On Site;El Salvador;LIM;PE;El Salvador,LLI;3;Bachelor;;Spanish
indeed;Business Intelligence Semi Senior;Encora;29/01/2026;fulltime;SQL, Power BI, Excel, Jira;Senior;Business Intelligence;On Site;Lima;LIM;PE;Lima,LIM;0;Bachelor;SQL;Spanish
indeed;Senior Business Intelligence;Encora;27/01/2026;fulltime;SQL,Excel,Power BI,Tableau,Data Visualization,Jira;Senior;Business Intelligence;Remote;Lima;LIM;PE;Lima,LIM;0;Bachelor;;English
indeed;Cloud Solutions Architect;TELUS Digital;22/01/2026;fulltime;Azure, SQL, Agile, AWS;Mid-Level;Data Engineer;Hybrid;El Salvador;LIM;PE;El Salvador,LLI;2;Bachelor;SQL;Spanish, English
indeed;Business Developer;WILD FI;3/03/2026;fulltime;SQL,Excel,Power BI,Data Visualization;Mid-Level;Business Intelligence;On Site;Lima;LIM;PE;Lima,LIM;0;Bachelor;;Spanish
indeed;Business Development Manager - Sportsbook, LATAM;Genius Sports;3/02/2026;fulltime;Power BI,DAX,SQL,SSIS,Data Modeling;Lead;Business Intelligence;Hybrid;Lima;LIM;PE;Lima,LIM;0;Bachelor;;Spanish, English
indeed;Business Specialist Master de Soluciones Crediticias Wealth Management;CREDICORP CAPITAL;20/02/2026;fulltime;Power BI,DAX,SQL,SSIS,Data Modeling;Mid-Level;Business Intelligence;On Site;Lima;LIM;PE;Lima,LIM;0;MBA;;Spanish
indeed;Data Specialist Associate;BBVA;17/02/2026;fulltime;SQL,Excel,Power BI,Data Visualization;Mid-Level;Data Analyst;Hybrid;San Isidro;LIM;PE;San Isidro,LIM;0;Bachelor;;Spanish, English
indeed;Data Analytics Sales Specialist, Google Cloud (, );Google;17/02/2026;fulltime;Looker, Google Cloud;Mid-Level;Data Analyst;On Site;Lima;LIM;PE;Lima,LIM;10;Bachelor;;Spanish
indeed;Analista Junior BI - San Isidro;GTH ALTERNATIVES;12/02/2026;fulltime;Python, SQL, DAX, Excel, Power BI, Machine Learning, Azure, Power Query;Junior;Business Intelligence;Remote;Lima;LIM;PE;Lima,LIM;0;Bachelor;Python, SQL, DAX;English
indeed;Portafolio Data Scientist;S.A.C.I. Falabella;10/03/2026;fulltime;CSS, JavaScript, Agile, React, SSIS, SQL, DAX, SSAS, Tableau, R, Power BI, Azure, SSRS, AWS;Senior;Business Intelligence;Remote;Lima;LIM;PE;Lima, LIM, PE;0;Bachelor;SQL, R, JavaScript, CSS, DAX;English
indeed;Data Scientist;JOYIT;2/03/2026;fulltime;CSS, JavaScript, Agile, React, SSIS, SQL, DAX, SSAS, Tableau, R, Power BI, Azure, SSRS, AWS;Mid-Level;Data Analyst;Remote;Lima;LIM;PE;Lima, LIM, PE;5;Bachelor;Python, SQL;English
indeed;Data Scientist Especialista;Entel;27/02/2026;fulltime;Python, SQL, Looker, Excel, Power BI;Mid-Level;Data Analyst;On Site;Lima;LIM;PE;Lima, LIM, PE;2;Master;SQL;Spanish
indeed;Senior Database Engineer;Definable Solutions;17/02/2026;fulltime;SQL, ERP, Fabric, Power BI, , Azure;Mid-Level;Data Engineer;On Site;Lima;LIM;PE;Remote, PE;0;Bachelor;;Spanish
indeed;Data Scientist;IDT Corporation;13/02/2026;fulltime;Excel,SQL,Power BI,Data Visualization;Mid-Level;Data Analyst;On Site;Lima;LIM;PE;Remote, PE;2;Bachelor;;Spanish
indeed;DATA SCIENTIST ASSOCIATE I;BBVA;9/02/2026;fulltime;Agile, Excel, Power BI, , Master;Mid-Level;Data Analyst;On Site;Lima;LIM;PE;San Isidro, LIM, PE;0;Bachelor;Python, SQL;Spanish
linkedin;Data Scientist Junior (Ferreycorp);Ferreycorp S.A.A;12/03/2026;fulltime;Python, SQL, Looker, Excel, Power BI;Senior;Data Analyst;Hybrid;San Isidro;LIM;PE;Santiago de Surco, Peru;3;Bachelor;;Spanish, English
linkedin;Analista de Datos;Inetum;12/03/2026;fulltime;Excel,SQL,Power BI,Data Visualization;Junior;Data Analyst;On Site;Santiago de Surco;LIM;PE;San Isidro, Peru;0;Bachelor;;Spanish
linkedin;Data Engineer Semisenior;NEORIS;12/03/2026;fulltime;SQL,Excel,Power BI,Data Visualization;Mid-Level;Data Analyst;Hybrid;Lima;LIM;PE;Lima, Peru;2;MBA;Python, SQL;Spanish, English
linkedin;Pivot Junior Integrador de Datos - Azure;Inetum;12/03/2026;fulltime;SQL, Power BI, Python;Senior;Data Engineer;On Site;San Isidro;LIM;PE;San Isidro, Peru;0;Bachelor;;Spanish
linkedin;Data Integration Engineer Competente BCP;Inetum;12/03/2026;fulltime;Power BI, Google Sheets, Excel, Jira;Mid-Level;Data Engineer;Hybrid;Independencia;LIM;PE;Independencia, Peru;0;Bachelor;;Spanish, English
linkedin;Analista de OnBase;Inetum;12/03/2026;fulltime;Power BI, Google Sheets, Excel, Jira;Mid-Level;Data Engineer;Hybrid;Lima;LIM;PE;Lima, Peru;0;Bachelor;;Spanish, English
linkedin;Analista / Integrador de Datos - Azure;Inetum;12/03/2026;fulltime;Power BI, Google Sheets, Excel, Jira;Mid-Level;Data Analyst;Hybrid;Lima;LIM;PE;Lima, Peru;0;Bachelor;;Spanish, English
linkedin;Portafolio Data Scientist;Mallplaza;11/03/2026;fulltime;Excel,SQL,Power BI,Data Visualization;Senior;Data Analyst;On Site;Lima;LIM;PE;Lima, Peru;0;Bachelor;;Spanish
linkedin;Data Scientist de Modelos Riesgos;Mibanco, banco de la Microempresa;11/03/2026;fulltime;Excel,  MBA, Master;Mid-Level;Data Analyst;Remote;Lima;LIM;PE;Lima, Peru;0;Bachelor;;English
linkedin;Portafolio Data Scientist;Sodimac;11/03/2026;fulltime;Power BI, Looker;Senior;Data Analyst;On Site;Lima;LIM;PE;Lima, Peru;2;Bachelor;SQL;Spanish
linkedin;Machine Learning Engineer (Databricks + MLOps) - Remote - Latin America;FullStack;11/03/2026;fulltime;Azure, SQL, Databricks, GitHub;Mid-Level;Business Intelligence;On Site;Lima;LIM;PE;Lima, Peru;0;MBA;Python, SQL;Spanish
linkedin;Practicante profesional de analisis de data / San Isidro;Medifarma;11/03/2026;fulltime;Python, Spark, SQL, Excel, Power BI, Azure, Databricks;Mid-Level;Data Analyst;Remote;San Isidro;LIM;PE;San Isidro, Peru;0;Bachelor;;English
linkedin;Data Scientist Junior;Match Personnel;10/03/2026;fulltime;Power BI, SAP, Excel;Mid-Level;Data Analyst;On Site;Lima;LIM;PE;Lima, Peru;3;Bachelor;Python, SQL;Spanish
linkedin;IA Engineer;NTT DATA Europe & Latam;10/03/2026;fulltime;Python, Agile, React, SQL, ;Mid-Level;Data Analyst;On Site;Santiago de Surco;LIM;PE;Santiago de Surco, Peru;0;Bachelor;;Spanish
linkedin;Cloud Integration Engineer - PE;Whitestack;10/03/2026;fulltime;Office, Power BI, Jira;Mid-Level;Data Engineer;On Site;Santiago de Surco;LIM;PE;Santiago de Surco, Peru;5;Bachelor;Python, SQL;Spanish
linkedin;Científico de datos - Banca;NTT DATA Europe & Latam;9/03/2026;fulltime;SQL, Python, Looker, Excel;Mid-Level;Data Scientist;On Site;Lima;LIM;PE;Lima, Peru;0;Bachelor;Python, SQL;Spanish
linkedin;Ingeniero ML - Trabajo Remoto;BairesDev;9/03/2026;fulltime;SQL, Python, Looker;Mid-Level;Data Scientist;On Site;Lima;LIM;PE;Lima, Peru;0;Bachelor;SQL, DAX;Spanish
linkedin;AI Engineering Lead;Banco de Crédito BCP;6/03/2026;fulltime;SQL, DAX, SAP, , Excel, Salesforce, Power BI, , Power Automate, Power Pivot, Power Query, VBA;Mid-Level;Data Engineer;On Site;Lima;LIM;PE;Lima, Peru;0;Bachelor;SQL, DAX;Spanish
linkedin;Practicante pre profesional de GenAI (Ferreycorp);Ferreycorp S.A.A;6/03/2026;fulltime;SQL, DAX, SAP, , Excel, Salesforce, Power BI, , Power Automate, Power Pivot, Power Query, VBA;Mid-Level;Data Analyst;Hybrid;Santiago de Surco;LIM;PE;Santiago de Surco, Peru;0;Bachelor;;Spanish, English
linkedin;Senior Data Engineer - Remote - Latin America;FullStack;6/03/2026;fulltime;CMA, SAP, CPA, MBA, Master;Senior;Data Analyst;Hybrid;Tacna;TAC;PE;Tacna, Tacna, Peru;5;Bachelor;SQL;Spanish, English
linkedin;Recién egresados 2025 interesados en Data o Programación Java;Indra Group;5/03/2026;fulltime;Snowflake, SQL, ERP, Power BI, Azure, AWS;Mid-Level;Data Analyst;Remote;San Isidro;LIM;PE;San Isidro, Peru;0;Bachelor;;English
linkedin;ANALISTA SR. DE EFICIENCIA;Alicorp;5/03/2026;fulltime;Artificial Intelligence;Senior;Data Analyst;Remote;Lima;LIM;PE;Lima, Peru;0;Bachelor;;English
linkedin;Senior GenAI Engineer;Devsu;5/03/2026;fulltime;SQL,Excel,Power BI,Data Visualization;Mid-Level;Data Analyst;Hybrid;Lima;LIM;PE;Lima, Peru;0;Bachelor;;Spanish, English
linkedin;Analista de Ciberseguridad e Infraestructura TI/ Arquitecto de Software;HERMES Perú;5/03/2026;fulltime;SQL,Excel,Power BI,Data Visualization;Mid-Level;Business Intelligence;On Site;Chorrillos;LIM;PE;Chorrillos, Peru;0;Bachelor;;Spanish
linkedin;AI Machine Learning Engineer - Remote - Latin America;FullStack;4/03/2026;fulltime;SQL,Excel,Power BI,Data Visualization;Mid-Level;Data Analyst;On Site;Chorrillos;LIM;PE;Chorrillos, Peru;0;Bachelor;Python, SQL;Spanish
linkedin;Analista de Datos / Huancayo;GLOBAL FIBER PERU;4/03/2026;fulltime;Python, SciKit, SQL, NumPy, Tableau, Power BI, Pandas, Machine Learning, Azure, Tensor Flow, AWS;Mid-Level;Data Analyst;Remote;Huancayo;HUA;PE;Huancayo, Junín, Peru;1;Bachelor;Python, SQL;English
linkedin;Especialista de Soluciones Analíticas;BanBif - Banco Interamericano de Finanzas;3/03/2026;fulltime;SQL, Python;Mid-Level;Business Intelligence;Hybrid;San Isidro;LIM;PE;San Isidro, Peru;0;Bachelor;Python, SQL, C#;Spanish, English
linkedin;Python/Django Software Engineer;Launch Potato;3/03/2026;fulltime;Python, Spark, C#, SQL, , AWS;Mid-Level;Business Intelligence;Remote;San Isidro;LIM;PE;San Isidro, Peru;0;Bachelor;Python, SQL;English
linkedin;Trainee de GenAI y Automatización;Neo Consulting - Consultora de Data e IA;3/03/2026;fulltime;Python, SciKit, Artificial Intelligence, SQL, Tableau, , Pandas;Mid-Level;Data Analyst;Remote;San Isidro;LIM;PE;San Isidro, Peru;5;Bachelor;Python, SQL;English
linkedin;Practicante pre profesional - Data;Banco de Crédito BCP;3/03/2026;fulltime;Python, SQL, Power BI, Azure, Databricks;Mid-Level;Business Intelligence;Remote;Lima;LIM;PE;Lima, Peru;0;Bachelor;SQL;English
linkedin;Desarrollador Cells Semi Senior/Remoto;Indra Group;3/03/2026;fulltime;Spark, Airflow, SQL, Google Cloud, Azure, Databricks, AWS;Mid-Level;Data Analyst;Remote;San Isidro;LIM;PE;San Isidro, Peru;5;Bachelor;SQL, DAX;English
linkedin;DATA SCIENTIST ADVANCED - IA COGNITIVE;Banco de Crédito BCP;2/03/2026;fulltime;SQL, DAX, AWS, Power BI;Mid-Level;Business Intelligence;On Site;La Molina;LIM;PE;La Molina, Peru;2;Bachelor;Python, SQL;Spanish
linkedin;Data Engineer;Tottus;2/03/2026;fulltime;Python, Spark, Airflow, SQL, Docker, Azure, AWS;Mid-Level;Data Engineer;On Site;Lima;LIM;PE;Lima, Peru;3;Bachelor;SQL;Spanish
linkedin;Programador / Sistemas - Textil;Corceli sac;1/03/2026;fulltime;SQL, Oracle, Google Cloud, Azure, MongoDB, AWS;Senior;Business Intelligence;On Site;Chorrillos;LIM;PE;Chorrillos, Peru;0;Bachelor;;Spanish
linkedin;Data Scientist Especialista;Entel Perú;28/02/2026;fulltime;Python,SQL,Azure,Data Pipelines;Lead;Data Engineer;On Site;Lima;LIM;PE;Lima, Peru;3;Bachelor;Python, SQL;Spanish
linkedin;MLOps Engineer - Remote - Latin America;FullStack;28/02/2026;fulltime;Python, Spark, SQL, Azure, AWS;Mid-Level;Data Engineer;Hybrid;Arequipa;ARE;PE;Arequipa, Arequipa, Peru;2;Bachelor;Python, SQL;Spanish, English
linkedin;Jefe de Gestión de Cumplimiento - Data & analytics;Pacífico Seguros;27/02/2026;fulltime;Python, Spark, SQL, Azure, Databricks, AWS;Senior;Business Intelligence;On Site;San Isidro;LIM;PE;San Isidro, Peru;5;Bachelor;;Spanish
linkedin;Cobol Mainframe - Todas las Provincias del Perú;NTT DATA Europe & Latam;27/02/2026;fulltime;SQL,Excel,Power BI,Data Visualization;Mid-Level;Business Intelligence;On Site;Arequipa;LIM;PE;Arequipa, Peru;8;Bachelor;;Spanish
linkedin;Data Scientist Advance;Prima AFP;26/02/2026;fulltime;SQL,Excel,Power BI,Data Visualization;Senior;Business Intelligence;Hybrid;Lima;LIM;PE;Lima, Peru;0;Bachelor;;Spanish, English
linkedin;Arquitecto de Java;Prosegur;25/02/2026;fulltime;SQL,Excel,Power BI,Data Visualization;Lead;Data Analyst;Remote;Santiago de Surco;LIM;PE;Santiago de Surco, Peru;3;Bachelor;;English
linkedin;Senior Data Platform Engineer - Remote - Latin America;FullStack;25/02/2026;fulltime;Oracle, SAP, ERP;Mid-Level;Business Intelligence;On Site;Iquitos;LIM;PE;Iquitos, Loreto, Peru;4;Bachelor;;Spanish
linkedin;Behavioural Researcher & Designer;Alicorp;24/02/2026;fulltime;SQL,Excel,Power BI,Data Visualization;Mid-Level;Data Analyst;On Site;Lima;LIM;PE;Lima, Peru;3;Bachelor;;Spanish
linkedin;Practicante Pre profesional de Modelos;Banco Falabella Perú;24/02/2026;fulltime;SQL,Excel,Power BI,Tableau,Data Visualization;Mid-Level;Business Intelligence;Remote;Lima;LIM;PE;Lima, Peru;0;Bachelor;;English
linkedin;Agentic Software Engineer (Cursor) - Remote - Latin America;FullStack;24/02/2026;fulltime;PowerPoint, Chat GPT, Artificial Intelligence, Excel, Power BI;Mid-Level;Data Analyst;Hybrid;Piura;PIU;PE;Piura, Piura, Peru;3;Bachelor;SQL, Java;Spanish, English
linkedin;Senior AI Engineer (Remote - LATAM);Seagull;23/02/2026;fulltime;Office, SQL, Java;Lead;Business Intelligence;Remote;Lima;LIM;PE;Lima, Peru;7;Bachelor;;English
linkedin;Agentic Software Engineer (GitHub Copilot) - Remote - Latin America;FullStack;23/02/2026;fulltime;ERP, CPA, Google Sheets;Mid-Level;Business Intelligence;On Site;Lima;LIM;PE;Lima, Peru;0;Bachelor;SQL;Spanish
linkedin;Agentic Software Engineer (Claude Code) - Remote - Latin America;FullStack;23/02/2026;fulltime;SQL, Power BI, Excel, Jira;Lead;Data Analyst;On Site;Trujillo;TRU;PE;Trujillo, La Libertad, Peru;0;Bachelor;;Spanish
linkedin;Líder Técnico Implementador - Rubro Financiero;Manpower Perú;20/02/2026;fulltime;SQL,Excel,Power BI,Tableau,Data Visualization,Jira;Senior;Data Analyst;On Site;San Isidro;LIM;PE;San Isidro, Peru;7;Bachelor;SQL;Spanish
linkedin;QA AUTOMATIZADOR JUNIOR;NTT DATA Europe & Latam;19/02/2026;fulltime;Azure, SQL, Agile, AWS;Mid-Level;Data Analyst;Hybrid;Lima;LIM;PE;Lima, Peru;4;Bachelor;;Spanish, English
linkedin;DATA SCIENTIST (PROYECTO TEMPORAL);Alicorp;18/02/2026;fulltime;SQL,Excel,Power BI,Data Visualization;Mid-Level;Data Analyst;Remote;Lima;LIM;PE;Lima, Peru;0;Bachelor;;English
linkedin;INGENIERO DE MACHINE LEARNING (PROYECTO TEMPORAL);Alicorp;18/02/2026;fulltime;Power BI,DAX,SQL,SSIS,Data Modeling;Lead;Data Analyst;On Site;Lima;LIM;PE;Lima, Peru;5;Bachelor;;Spanish
linkedin;Data Science Analyst;Banco Ripley Perú;17/02/2026;fulltime;Power BI,DAX,SQL,SSIS,Data Modeling;Mid-Level;Data Analyst;Hybrid;Lima;LIM;PE;Lima, Peru;5;Bachelor;;Spanish, English
linkedin;Developer CRM Dynamics;NTT DATA Europe & Latam;17/02/2026;fulltime;SQL,Excel,Power BI,Data Visualization;Mid-Level;Business Intelligence;On Site;Lima;LIM;PE;Lima, Peru;0;Bachelor;;Spanish
linkedin;Data Engineer;Perform;17/02/2026;fulltime;Looker, Google Cloud;Lead;Data Engineer;Remote;Lima;LIM;PE;Lima, Peru;0;Bachelor;Python, SQL, DAX;English
linkedin;Test Lead;Confidential Careers;16/02/2026;fulltime;Python, SQL, DAX, Excel, Power BI, Machine Learning, Azure, Power Query;Mid-Level;Data Analyst;Hybrid;Lima;LIM;PE;Lima, Peru;0;Bachelor;SQL, R, JavaScript, CSS, DAX;Spanish, English
linkedin;Data Scientist;IDT Corporation;14/02/2026;fulltime;CSS, JavaScript, Agile, React, SSIS, SQL, DAX, SSAS, Tableau, R, Power BI, Azure, SSRS, AWS;Lead;Data Engineer;On Site;Lima;LIM;PE;Lima, Peru;5;Bachelor;SQL, R, JavaScript, CSS, DAX;Spanish
linkedin;DataOps Analyst;Credicorp Capital;13/02/2026;fulltime;CSS, JavaScript, Agile, React, SSIS, SQL, DAX, SSAS, Tableau, R, Power BI, Azure, SSRS, AWS;Senior;Business Intelligence;On Site;Lima;LIM;PE;Lima, Peru;3;Master;Python, SQL;Spanish
linkedin;Practicante Profesional de Desarrollo GenAI;NTT DATA Europe & Latam;13/02/2026;fulltime;Python, SQL, Looker, Excel, Power BI;Junior;Data Engineer;On Site;Magdalena del Mar;LIM;PE;Magdalena del Mar, Peru;3;Master;SQL;Spanish
linkedin;Analista de Servicio Viajes | Ssr -Senior;Softtek;12/02/2026;fulltime;SQL, ERP, Fabric, Power BI, , Azure;Mid-Level;Data Analyst;Remote;San Isidro;LIM;PE;San Isidro, Peru;0;Bachelor;;English
linkedin;Ingeniero de Desarrollo Digital- D0018;Komatsu-Mitsui Maquinarias Peru S.A.;10/02/2026;fulltime;Excel,SQL,Power BI,Data Visualization;Mid-Level;Data Engineer;On Site;Lima;LIM;PE;Lima, Peru;0;Bachelor;;Spanish
linkedin;Analista de Datos de Packing (Chincha);Proterra Perú;10/02/2026;fulltime;Agile, Excel, Power BI, , Master;Mid-Level;Business Intelligence;Remote;Chincha Alta;CHI;PE;Chincha Alta, Ica, Peru;0;MBA;Python, SQL;English
linkedin;Analista de Datos Cumplimiento;Caja Cencosud Scotiabank;10/02/2026;fulltime;Python, SQL, Looker, Excel, Power BI;Mid-Level;Data Analyst;Remote;Lima;LIM;PE;Lima, Peru;0;Bachelor;;English
linkedin;Desarrollador Planillas;Clinica Santa Isabel;7/02/2026;fulltime;Excel,SQL,Power BI,Data Visualization;Mid-Level;Data Analyst;Remote;San Borja;LIM;PE;San Borja, Peru;0;Bachelor;;English
linkedin;Technical Lead - Core Payments;Yuno;7/02/2026;fulltime;SQL,Excel,Power BI,Data Visualization;Mid-Level;Data Analyst;Remote;Lima;LIM;PE;Lima, Peru;10;Bachelor;Python, SQL;English
linkedin;QA Engineer;Dynamic Devs;4/02/2026;fulltime;SQL, Power BI, Python;Junior;Business Intelligence;Hybrid;Lima;LIM;PE;Lima, Peru;0;Bachelor;;Spanish, English
linkedin;Ubuntu Core Software Engineer;Canonical;2/02/2026;fulltime;Power BI, Google Sheets, Excel, Jira;Mid-Level;Business Intelligence;On Site;Lima;LIM;PE;Lima, Peru;2;Bachelor;;Spanish
linkedin;Analista Junior de Datos;PROYECTA Perú;3/02/2026;fulltime;Power BI, Google Sheets, Excel, Jira;Senior;Business Intelligence;Hybrid;Santiago de Surco;LIM;PE;Santiago de Surco, Peru;0;Bachelor;;Spanish, English
linkedin;IA Engineer Senior;Scotiabank;5/02/2026;fulltime;Power BI, Google Sheets, Excel, Jira;Mid-Level;Data Analyst;Remote;San Isidro;LIM;PE;San Isidro, Peru;5;Bachelor;;English
indeed;SRE & Cloud Engineer;_coderio;11/03/2026;fulltime;Excel,SQL,Power BI,Data Visualization;Mid-Level;Data Analyst;On Site;Remote;LIM;PE;Remote, PE;3;Bachelor;;Spanish
indeed;Data Engineer;Praxis Mexico;11/03/2026;fulltime;Excel,  MBA, Master;Mid-Level;Data Engineer;On Site;San Isidro;LIM;PE;San Isidro, LIM, PE;2;Bachelor;;Spanish
indeed;Lead Product Manager Strategist (Advanced English) - PE;Thoughtworks;11/03/2026;fulltime;Power BI, Looker;Mid-Level;Data Analyst;On Site;Lima;LIM;PE;Lima, LIM, PE;0;Bachelor;SQL;Spanish
indeed;Data Analyst Senior;S.A.C.I. Falabella;10/03/2026;fulltime;Azure, SQL, Databricks, GitHub;Mid-Level;Data Analyst;Remote;Lima;LIM;PE;Lima, LIM, PE;0;Bachelor;Python, SQL;English
indeed;Salesforce Developer - Remote, Latin America;Bluelight Consulting;8/03/2026;fulltime;Python, Spark, SQL, Excel, Power BI, Azure, Databricks;Senior;Data Analyst;On Site;Arequipa;ARE;PE;Arequipa, ARE, PE;3;Bachelor;;Spanish
indeed;Laravel Engineer with MySQL Tuning Experience (Remote, LATAM);Bluelight Consulting;8/03/2026;fulltime;Power BI, SAP, Excel;Mid-Level;Data Analyst;Remote;Chimbote;CHI;PE;Chimbote, ANC, PE;0;Bachelor;Python, SQL;English
indeed;Senior Azure DevOps Engineer;Bluelight Consulting;8/03/2026;fulltime;Python, Agile, React, SQL, ;Junior;Data Analyst;Remote;Huancayo;HUA;PE;Huancayo, JUN, PE;0;Bachelor;;English
indeed;Desarrollador Backend;BIERA CORPORATION SAC;6/03/2026;fulltime;Office, Power BI, Jira;Mid-Level;Data Analyst;Remote;Remote;LIM;PE;Remote, PE;2;Bachelor;Python, SQL;English
indeed;Data Engineer (Semi Senior / Senior);Amaris Consulting;5/03/2026;fulltime;SQL, Python, Looker, Excel;Mid-Level;Data Engineer;On Site;Lima;LIM;PE;Lima, LIM, PE;0;Bachelor;Python, SQL;Spanish
indeed;Líder Ténico IA;NTT DATA;5/03/2026;fulltime;SQL, Python, Looker;Mid-Level;Data Analyst;On Site;Lima;LIM;PE;Lima, LIM, PE;0;Bachelor;SQL, DAX;Spanish
indeed;Administrador de Base de datos (Cloud) - Multicloud Database Operation Specialist;Soluciones Orion;4/03/2026;fulltime;SQL, DAX, SAP, , Excel, Salesforce, Power BI, , Power Automate, Power Pivot, Power Query, VBA;Senior;Data Engineer;Remote;Miraflores;LIM;PE;Miraflores, LIM, PE;0;Bachelor;SQL, DAX;English
indeed;Senior Cloud & Integration Engineer;_coderio;2/03/2026;fulltime;SQL, DAX, SAP, , Excel, Salesforce, Power BI, , Power Automate, Power Pivot, Power Query, VBA;Mid-Level;Data Analyst;Hybrid;Remote;LIM;PE;Remote, PE;0;Bachelor;;Spanish, English
indeed;Data Engineer AWS;ZAT;2/03/2026;fulltime;CMA, SAP, CPA, MBA, Master;Mid-Level;Data Engineer;On Site;Miraflores;LIM;PE;Miraflores, LIM, PE;0;Bachelor;SQL;Spanish
indeed;Data Engineer;JOYIT;2/03/2026;fulltime;Snowflake, SQL, ERP, Power BI, Azure, AWS;Mid-Level;Data Engineer;On Site;Lima;LIM;PE;Lima, LIM, PE;0;Bachelor;;Spanish
indeed;AI/ML Engineer;JOYIT;2/03/2026;fulltime;Artificial Intelligence;Mid-Level;Data Analyst;Remote;Lima;LIM;PE;Lima, LIM, PE;0;Bachelor;;English
indeed;Client Partner [Open All Latam];Tekton Labs;1/03/2026;fulltime;SQL,Excel,Power BI,Data Visualization;Mid-Level;Data Analyst;On Site;Remote;LIM;PE;Remote, PE;0;Bachelor;;Spanish
indeed;Senior Integration & Cloud Engineer (AWS / Kafka / MQ);_coderio;27/02/2026;fulltime;SQL,Excel,Power BI,Data Visualization;Senior;Data Analyst;Hybrid;Remote;LIM;PE;Remote, PE;2;Bachelor;;Spanish, English
indeed;QA Automation Engineer;Resourceful Talent Group;26/02/2026;fulltime;SQL,Excel,Power BI,Data Visualization;Mid-Level;Data Analyst;On Site;Lima;LIM;PE;Lima, LIM, PE;0;Bachelor;Python, SQL;Spanish
indeed;QA Data Analyst;Perú Apps & Moventi;23/02/2026;fulltime;Python, SciKit, SQL, NumPy, Tableau, Power BI, Pandas, Machine Learning, Azure, Tensor Flow, AWS;Mid-Level;Business Intelligence;On Site;San Isidro;LIM;PE;San Isidro, LIM, PE;3;Bachelor;Python, SQL;Spanish
indeed;Administrador de Base de datos (Cloud) - Multicloud Database Operation Specialist;Soluciones Orion;23/02/2026;fulltime;SQL, Python;Senior;Data Engineer;Remote;Miraflores;LIM;PE;Miraflores, LIM, PE;0;Bachelor;Python, SQL, C#;English
indeed;IA Engineer Senior;Scotiabank;22/02/2026;fulltime;Python, Spark, C#, SQL, , AWS;Mid-Level;Data Engineer;On Site;San Isidro;LIM;PE;San Isidro, LIM, PE;0;Bachelor;Python, SQL;Spanish
indeed;Ingeniero de Proyecto;AFRY;20/02/2026;fulltime;Python, SciKit, Artificial Intelligence, SQL, Tableau, , Pandas;Mid-Level;Data Engineer;Remote;Lima;LIM;PE;Lima, LIM, PE;6;Bachelor;Python, SQL;English
indeed;Senior IT Engineer (Remote - Peru);My VA Support;20/02/2026;fulltime;Python, SQL, Power BI, Azure, Databricks;Mid-Level;Data Analyst;Hybrid;Remote;LIM;PE;Remote, PE;4;Bachelor;SQL;Spanish, English
indeed;Technical Lead (Java, Python + AWS);Encora;20/02/2026;fulltime;Spark, Airflow, SQL, Google Cloud, Azure, Databricks, AWS;Mid-Level;Data Analyst;On Site;Lima;LIM;PE;Lima, LIM, PE;3;Bachelor;SQL, DAX;Spanish
indeed;Cloud Platform Operations Engineer SR.;Millicom;19/02/2026;fulltime;SQL, DAX, AWS, Power BI;Lead;Data Engineer;Hybrid;El Salvador;LIM;PE;El Salvador, LLI, PE;1;Bachelor;Python, SQL;Spanish, English
indeed;AI Engineer;Vikara.AI;16/02/2026;fulltime;Python, Spark, Airflow, SQL, Docker, Azure, AWS;Mid-Level;Data Engineer;Remote;Remote;LIM;PE;Remote, PE;0;Bachelor;SQL;English
indeed;Data Analyst Senior;S.A.C.I. Falabella;16/02/2026;fulltime;SQL, Oracle, Google Cloud, Azure, MongoDB, AWS;Mid-Level;Data Analyst;Hybrid;Lima;LIM;PE;Lima, LIM, PE;2;Bachelor;;Spanish, English
indeed;Customer care representative- intermediate (DataTree Data Sales Engineer) - FA DBS - TELUS Digital SV;TELUS Digital;26/01/2026;fulltime;Python,SQL,Azure,Data Pipelines;Mid-Level;Business Intelligence;On Site;El Salvador;LIM;PE;El Salvador, LLI, PE;1;Bachelor;Python, SQL;Spanish
indeed;Research Engineer Intern (Video/Multimodal LLM);Tether Operations Limited;27/11/2025;fulltime;Python, Spark, SQL, Azure, AWS;Mid-Level;Data Analyst;On Site;Lima;LIM;PE;Lima, LIM, PE;5;Bachelor;Python, SQL;Spanish
indeed;SAP-Azure Data Engineer;Agentic Dream;4/09/2024;fulltime;Python, Spark, SQL, Azure, Databricks, AWS;Mid-Level;Data Analyst;Remote;Remote;LIM;PE;Remote, PE;8;Bachelor;;English
linkedin;Analista de Datos Jr.;Inetum;12/03/2026;fulltime;SQL,Excel,Power BI,Data Visualization;Mid-Level;Business Intelligence;Remote;Lima;LIM;PE;Lima, Peru;0;Bachelor;;English
linkedin;Ingeniero de Datos;Inetum;12/03/2026;fulltime;SQL,Excel,Power BI,Data Visualization;Mid-Level;Data Engineer;Remote;Lima;LIM;PE;Lima, Peru;0;Bachelor;;English
linkedin;Analista / Integrador de Datos - Azure;Inetum;12/03/2026;fulltime;SQL,Excel,Power BI,Data Visualization;Senior;Data Scientist;Hybrid;San Isidro;LIM;PE;San Isidro, Peru;0;Bachelor;;Spanish, English
linkedin;Data Analyst;Publicis Groupe;12/03/2026;fulltime;Oracle, SAP, ERP;Mid-Level;Business Intelligence;Remote;Lima;LIM;PE;Lima, Peru;3;Bachelor;;English
linkedin;Pivot Analista / Integrador de Datos - Azure;Inetum;12/03/2026;fulltime;SQL,Excel,Power BI,Data Visualization;Mid-Level;Data Scientist;Remote;San Isidro;LIM;PE;San Isidro, Peru;0;Master;;English
linkedin;Custodio Técnico de Datos;Inetum;12/03/2026;fulltime;SQL,Excel,Power BI,Tableau,Data Visualization;Mid-Level;Data Scientist;On Site;Lima;LIM;PE;Lima, Peru;4;Master;;Spanish
linkedin;Data Integration Engineer Principiante Avanzado BCP;Inetum;12/03/2026;fulltime;PowerPoint, Chat GPT, Artificial Intelligence, Excel, Power BI;Senior;Business Intelligence;Remote;Lima;LIM;PE;Lima, Peru;0;Bachelor;SQL, Java;English
linkedin;Analista Acsel X;Inetum;12/03/2026;fulltime;Office, SQL, Java;Mid-Level;Data Engineer;On Site;San Isidro;LIM;PE;San Isidro, Peru;0;Bachelor;;Spanish
linkedin;Multicloud Database  Operation Specialist;Orion LATAM;12/03/2026;fulltime;ERP, CPA, Google Sheets;Mid-Level;Data Engineer;On Site;Miraflores;LIM;PE;Miraflores, Lima, Peru;0;MBA;SQL;Spanish
linkedin;Lead Software Engineer;Empresa Confidencial;12/03/2026;fulltime;SQL, Power BI, Excel, Jira;Mid-Level;Data Engineer;On Site;San Borja;LIM;PE;San Borja, Peru;0;Bachelor;;Spanish
linkedin;DATA ANALYST JR;Banco de Crédito BCP;11/03/2026;fulltime;SQL,Excel,Power BI,Tableau,Data Visualization,Jira;Mid-Level;Data Analyst;Remote;Lima;LIM;PE;Lima, Peru;0;Bachelor;SQL;English
linkedin;Data Engineer AWS Junior (Sector Bancario);Entelgy;11/03/2026;fulltime;Azure, SQL, Agile, AWS;Mid-Level;Data Engineer;On Site;Lima;LIM;PE;Lima, Peru;0;Bachelor;;Spanish
linkedin;Data Engineer;Perform;11/03/2026;fulltime;SQL,Excel,Power BI,Data Visualization;Senior;Data Analyst;Remote;Lima;LIM;PE;Lima, Peru;0;Bachelor;;English
linkedin;Especialista de Analítica de Negocios Personas;BanBif - Banco Interamericano de Finanzas;11/03/2026;fulltime;Power BI,DAX,SQL,SSIS,Data Modeling;Mid-Level;Data Analyst;On Site;San Isidro;LIM;PE;San Isidro, Peru;0;Bachelor;;Spanish
linkedin;Ingeniero de Datos;TCONTAKTO SAC;10/03/2026;fulltime;Power BI,DAX,SQL,SSIS,Data Modeling;Mid-Level;Data Engineer;Remote;Lima;LIM;PE;Lima, Peru;0;Bachelor;;English
linkedin;Data Developer Junior;NEORIS;10/03/2026;fulltime;SQL,Excel,Power BI,Data Visualization;Mid-Level;Data Analyst;Hybrid;Lima;LIM;PE;Lima, Peru;1;Master;;Spanish, English
linkedin;Data Analyst Junior;Match Personnel;10/03/2026;fulltime;Looker, Google Cloud;Mid-Level;Data Analyst;Hybrid;Lima;LIM;PE;Lima, Peru;0;Bachelor;Python, SQL, DAX;Spanish, English
linkedin;Python Cloud Software Engineer - Ansible, Terraform, Kubernetes - PE;Whitestack;10/03/2026;fulltime;Python, SQL, DAX, Excel, Power BI, Machine Learning, Azure, Power Query;Mid-Level;Business Intelligence;Remote;Santiago de Surco;LIM;PE;Santiago de Surco, Peru;0;Master;SQL, R, JavaScript, CSS, DAX;English
linkedin;Staff Backend (Python) Engineer, AI Engineering:Duo Chat;GitLab;10/03/2026;fulltime;CSS, JavaScript, Agile, React, SSIS, SQL, DAX, SSAS, Tableau, R, Power BI, Azure, SSRS, AWS;Mid-Level;Business Intelligence;On Site;Americas;APU;PE;Americas, Apurímac, Peru;5;Bachelor;SQL, R, JavaScript, CSS, DAX;Spanish
linkedin;Java Cloud Software Engineer - Networking - PE;Whitestack;10/03/2026;fulltime;CSS, JavaScript, Agile, React, SSIS, SQL, DAX, SSAS, Tableau, R, Power BI, Azure, SSRS, AWS;Mid-Level;Data Analyst;On Site;Santiago de Surco;LIM;PE;Santiago de Surco, Peru;0;Bachelor;Python, SQL;Spanish
linkedin;DATA ANALYST;Havas Perú;10/03/2026;fulltime;Python, SQL, Looker, Excel, Power BI;Mid-Level;Business Intelligence;On Site;Lima;LIM;PE;Lima, Peru;5;Bachelor;SQL;Spanish
linkedin;Data Analytics Business Partner LATAM;Roche;10/03/2026;fulltime;SQL, ERP, Fabric, Power BI, , Azure;Mid-Level;Data Analyst;Hybrid;Lima;LIM;PE;Lima, Peru;2;Bachelor;;Spanish, English
linkedin;Ingeniero de datos;VASS;9/03/2026;fulltime;Excel,SQL,Power BI,Data Visualization;Mid-Level;Data Engineer;Remote;Lima;LIM;PE;Lima, Peru;5;Bachelor;;English
linkedin;Data Engineer;Bluetab, an IBM Company;9/03/2026;fulltime;Agile, Excel, Power BI, , Master;Senior;Data Engineer;Remote;Lima;LIM;PE;Lima, Peru;0;MBA;Python, SQL;English
linkedin;Analista de Data;Empresa Confidencial;9/03/2026;fulltime;Python, SQL, Looker, Excel, Power BI;Senior;Business Intelligence;Remote;Lima;LIM;PE;Lima, Peru;0;Bachelor;;English
linkedin;ANALISTA DE DATOS - TELEMARKETING;Evaluar;6/03/2026;fulltime;Excel,SQL,Power BI,Data Visualization;Lead;Business Intelligence;Remote;Lima;LIM;PE;Lima, Peru;3;Bachelor;;English
linkedin;Científico de datos;Universidad Científica del Sur;6/03/2026;fulltime;SQL,Excel,Power BI,Data Visualization;Mid-Level;Data Engineer;Remote;Lima;LIM;PE;Lima, Peru;2;Bachelor;Python, SQL;English
linkedin;Mobile Software Engineer - Remote - Latin America;FullStack;6/03/2026;fulltime;SQL, Power BI, Python;Senior;Data Engineer;Hybrid;Lima;LIM;PE;Lima, Peru;5;Bachelor;;Spanish, English
linkedin;Data Engineer (Semi Senior / Senior);Amaris Consulting;5/03/2026;fulltime;Power BI, Google Sheets, Excel, Jira;Mid-Level;Data Engineer;Remote;Lima;LIM;PE;Lima, Peru;8;Bachelor;;English
linkedin;Analista de datos Operaciones y Servicios Agrícolas;Grupo Vanguard Internacional;5/03/2026;fulltime;Power BI, Google Sheets, Excel, Jira;Senior;Business Intelligence;Remote;Ica;ICA;PE;Ica, Ica, Peru;0;Bachelor;;English
linkedin;Practicante Profesional de BI;Universidad Norbert Wiener;5/03/2026;fulltime;Power BI, Google Sheets, Excel, Jira;Lead;Business Intelligence;On Site;Lima;LIM;PE;Lima, Peru;3;Bachelor;;Spanish
linkedin;Integrador de datos- Azure Data Factory;Inetum;4/03/2026;fulltime;Excel,SQL,Power BI,Data Visualization;Mid-Level;Data Analyst;Hybrid;Lima;LIM;PE;Lima, Peru;4;Bachelor;;Spanish, English
linkedin;Senior Data Scientist;Metova;4/03/2026;fulltime;Excel,  MBA, Master;Mid-Level;Business Intelligence;On Site;Lima;LIM;PE;Lima, Peru;3;Bachelor;;Spanish
linkedin;Practicante de Automatización: Gestión de Indicadores;Benoti;4/03/2026;fulltime;Power BI, Looker;Mid-Level;Data Analyst;On Site;Callao;CAL;PE;Callao, Constitutional Province of Callao, Peru;0;Bachelor;SQL;Spanish
linkedin;Analista de datos;GEOHidráulica;3/03/2026;fulltime;Azure, SQL, Databricks, GitHub;Lead;Data Analyst;Remote;Ate;LIM;PE;Ate, Peru;7;Bachelor;Python, SQL;English
linkedin;Software Engineer II;OpenLoop;3/03/2026;fulltime;Python, Spark, SQL, Excel, Power BI, Azure, Databricks;Mid-Level;Business Intelligence;Remote;Lima;LIM;PE;Lima, Peru;0;Bachelor;;English
linkedin;Senior Data Engineer (SnowFlake + AI) - Remote - Latin America;FullStack;3/03/2026;fulltime;Power BI, SAP, Excel;Lead;Data Engineer;Remote;Chiclayo;CHI;PE;Chiclayo, Lambayeque, Peru;0;Bachelor;Python, SQL;English
linkedin;Junior Data Engineer;Havas Perú;2/03/2026;fulltime;Python, Agile, React, SQL, ;Senior;Data Engineer;On Site;Lima;LIM;PE;Lima, Peru;7;Bachelor;;Spanish
linkedin;Practicante Data Engineer;Grupo Efe;28/02/2026;fulltime;Office, Power BI, Jira;Mid-Level;Data Engineer;Hybrid;Santiago de Surco;LIM;PE;Santiago de Surco, Peru;0;Bachelor;Python, SQL;Spanish, English
linkedin;Sr. Data Engineer;Apply Digital;28/02/2026;fulltime;SQL, Python, Looker, Excel;Lead;Data Engineer;On Site;Lima;LIM;PE;Lima, Peru;5;Bachelor;Python, SQL;Spanish
linkedin;Senior Data Engineer - Remote - Latin America;FullStack;28/02/2026;fulltime;SQL, Python, Looker;Mid-Level;Data Engineer;On Site;Chiclayo;CHI;PE;Chiclayo, Lambayeque, Peru;5;Bachelor;SQL, DAX;Spanish
linkedin;Senior Data Engineer Databricks;Encora Inc.;27/02/2026;fulltime;SQL, DAX, SAP, , Excel, Salesforce, Power BI, , Power Automate, Power Pivot, Power Query, VBA;Mid-Level;Data Engineer;On Site;Lima;LIM;PE;Lima, Peru;0;Bachelor;SQL, DAX;Spanish
linkedin;Lead Data Engineer;Perform;25/02/2026;fulltime;SQL, DAX, SAP, , Excel, Salesforce, Power BI, , Power Automate, Power Pivot, Power Query, VBA;Lead;Data Engineer;Hybrid;Lima;LIM;PE;Lima, Peru;0;Bachelor;;Spanish, English
linkedin;Senior Data Platform Engineer - Remote - Latin America;FullStack;25/02/2026;fulltime;CMA, SAP, CPA, MBA, Master;Mid-Level;Data Engineer;On Site;Arequipa;ARE;PE;Arequipa, Arequipa, Peru;0;Master;SQL;Spanish
linkedin;Agentic Software Engineer (GitHub Copilot) - Remote - Latin America;FullStack;23/02/2026;fulltime;Snowflake, SQL, ERP, Power BI, Azure, AWS;Lead;Data Analyst;On Site;Cusco;CUS;PE;Cusco, Cusco, Peru;5;Bachelor;;Spanish
linkedin;Senior Product Manager (Platform);SE Ranking;23/02/2026;fulltime;Artificial Intelligence;Senior;Data Engineer;Hybrid;26 de Octubre;PIU;PE;26 de Octubre, Piura, Peru;3;Master;;Spanish, English
linkedin;Intermediate Site Reliability Engineer, Tenant Scale: Tenant Services;GitLab;21/02/2026;fulltime;SQL,Excel,Power BI,Data Visualization;Junior;Business Intelligence;On Site;Americas;APU;PE;Americas, Apurímac, Peru;3;Bachelor;;Spanish
linkedin;Practicante de Mejora Continua;Banco Falabella Perú;19/02/2026;fulltime;SQL,Excel,Power BI,Data Visualization;Mid-Level;Data Engineer;On Site;Lima;LIM;PE;Lima, Peru;0;Bachelor;;Spanish
linkedin;Data Engineer Senior;Indra Group;18/02/2026;fulltime;SQL,Excel,Power BI,Data Visualization;Mid-Level;Data Analyst;Remote;San Isidro;LIM;PE;San Isidro, Peru;0;Bachelor;Python, SQL;English
linkedin;Asistente / Analista de Datos Junior;Bitel;17/02/2026;fulltime;Python, SciKit, SQL, NumPy, Tableau, Power BI, Pandas, Machine Learning, Azure, Tensor Flow, AWS;Mid-Level;Data Analyst;Hybrid;San Isidro;LIM;PE;San Isidro, Peru;0;Bachelor;Python, SQL;Spanish, English
linkedin;Data Analyst;Geosatelital Perú;17/02/2026;fulltime;SQL, Python;Mid-Level;Business Intelligence;On Site;Independencia;LIM;PE;Independencia, Peru;0;Bachelor;Python, SQL, C#;Spanish
linkedin;Ingeniero de Datos (Remoto);Keppri;15/02/2026;fulltime;Python, Spark, C#, SQL, , AWS;Mid-Level;Data Analyst;On Site;Lima;LIM;PE;Lima, Peru;10;MBA;Python, SQL;Spanish
linkedin;Software Engineer (React UI Modernization);FusionHit;11/02/2026;fulltime;Python, SciKit, Artificial Intelligence, SQL, Tableau, , Pandas;Junior;Data Analyst;Hybrid;Lima;LIM;PE;Lima, Peru;0;Bachelor;Python, SQL;Spanish, English
linkedin;Ingeniero de datos;WIN Internet;5/02/2026;fulltime;Python, SQL, Power BI, Azure, Databricks;Mid-Level;Data Analyst;On Site;Lima;LIM;PE;Lima, Peru;2;Bachelor;SQL;Spanish
linkedin;PRACTICANTE PRE PROFESIONAL DE DATA ANALYTICS;Protecta Insurance Company;5/02/2026;fulltime;Spark, Airflow, SQL, Google Cloud, Azure, Databricks, AWS;Senior;Business Intelligence;On Site;Lima;LIM;PE;Lima, Peru;0;Bachelor;SQL, DAX;Spanish
linkedin;Data Analyst (SQL) - Reportes Regulatorios;METRICA Perú;6/02/2026;fulltime;SQL, DAX, AWS, Power BI;Senior;Business Intelligence;On Site;Lima;LIM;PE;Lima, Peru;5;Bachelor;Python, SQL;Spanish
linkedin;Asistente de Bussines Intelligence;INACONS;7/02/2026;fulltime;Python, Spark, Airflow, SQL, Docker, Azure, AWS;Mid-Level;Business Intelligence;Remote;El Tambo;JUN;PE;El Tambo, Junín, Peru;5;Bachelor;SQL;English
linkedin;Operations Analyst;Infosys;9/02/2026;fulltime;SQL, Oracle, Google Cloud, Azure, MongoDB, AWS;Mid-Level;Data Analyst;Hybrid;Lima;LIM;PE;Lima, Peru;0;Bachelor;;Spanish, English
indeed;Software Analyst - Associate / Transmission;PCI Energy Solutions;12/03/2026;fulltime;Python,SQL,Azure,Data Pipelines;Mid-Level;Data Analyst;On Site;Lima;LIM;PE;Lima, LIM, PE;3;Bachelor;Python, SQL;Spanish
indeed;Analyst - Financial;Wesco;11/03/2026;fulltime;Python, Spark, SQL, Azure, AWS;Mid-Level;Data Analyst;On Site;Lima;LIM;PE;Lima, LIM, PE;2;Bachelor;Python, SQL;Spanish
indeed;Business Intelligence Developer / Analyst - Remote, Latin America;Bluelight Consulting;8/03/2026;fulltime;Python, Spark, SQL, Azure, Databricks, AWS;Mid-Level;Data Analyst;On Site;Piura;PIU;PE;Piura, PIU, PE;0;MBA;;Spanish
indeed;Senior Business Analyst;Bluelight Consulting;8/03/2026;fulltime;SQL,Excel,Power BI,Data Visualization;Senior;Data Analyst;On Site;Lima;LIM;PE;Lima, LIM, PE;3;Bachelor;;Spanish
indeed;Analista de Data Ecommerce;Entel;4/03/2026;fulltime;SQL,Excel,Power BI,Data Visualization;Junior;Data Analyst;On Site;Lima;LIM;PE;Lima, LIM, PE;0;Bachelor;;Spanish
indeed;Analista de Riesgos - Data;InterBank;2/03/2026;fulltime;SQL,Excel,Power BI,Data Visualization;Mid-Level;Data Analyst;On Site;Lima;LIM;PE;Lima, LIM, PE;0;Bachelor;;Spanish
indeed;Customer Success Analyst;OHS;27/02/2026;fulltime;Oracle, SAP, ERP;Senior;Data Analyst;On Site;Lima;LIM;PE;Lima, LIM, PE;0;Bachelor;;Spanish
indeed;Key Account Analyst Comercial - Fintech;OHS;27/02/2026;fulltime;SQL,Excel,Power BI,Data Visualization;Mid-Level;Data Analyst;Hybrid;Lima;LIM;PE;Lima, LIM, PE;0;Bachelor;;Spanish, English
indeed;Practicante - Data Analysis;HAKUTOURS;25/02/2026;fulltime;SQL,Excel,Power BI,Tableau,Data Visualization;Mid-Level;Business Intelligence;On Site;Miraflores;LIM;PE;Miraflores, LIM, PE;0;Bachelor;;Spanish
indeed;Analyst, Visa Consulting and Analytics (VCA) Core Consulting;Visa;25/02/2026;fulltime;PowerPoint, Chat GPT, Artificial Intelligence, Excel, Power BI;Senior;Data Analyst;On Site;Lima;LIM;PE;Lima, LIM, PE;0;Bachelor;SQL, Java;Spanish
indeed;Customer Experience, Customer Experience Team Leader;TELUS Digital;24/02/2026;fulltime;Office, SQL, Java;Mid-Level;Data Analyst;Hybrid;El Salvador;LIM;PE;El Salvador, LLI, PE;0;Bachelor;;Spanish, English
indeed;Growth data analyst, B2C;AUNA Accesos;24/02/2026;fulltime;ERP, CPA, Google Sheets;Senior;Data Analyst;On Site;Lima;LIM;PE;Lima, LIM, PE;2;Bachelor;SQL;Spanish
indeed;SR. DATA ANALYST;Praxis Mexico;20/02/2026;fulltime;SQL, Power BI, Excel, Jira;Mid-Level;Data Analyst;On Site;San Isidro;LIM;PE;San Isidro, LIM, PE;0;Bachelor;;Spanish
indeed;AML Analyst;Paysafe;20/02/2026;fulltime;SQL,Excel,Power BI,Tableau,Data Visualization,Jira;Senior;Business Intelligence;Hybrid;Santiago de Surco;LIM;PE;Santiago de Surco, LIM, PE;0;Bachelor;SQL;Spanish, English
indeed;Supply Planning Export Analyst;Mondel?z International;19/02/2026;fulltime;Azure, SQL, Agile, AWS;Mid-Level;Business Intelligence;On Site;Lima;LIM;PE;Lima, LIM, PE;0;Bachelor;;Spanish
indeed;Operations Analyst;Infosys;18/02/2026;fulltime;SQL,Excel,Power BI,Data Visualization;Mid-Level;Data Analyst;Remote;Lima;LIM;PE;Lima, LIM, PE;3;Bachelor;;English
indeed;Data Analyst;S.A.C.I. Falabella;16/02/2026;fulltime;Power BI,DAX,SQL,SSIS,Data Modeling;Mid-Level;Data Analyst;Remote;Lima;LIM;PE;Lima, LIM, PE;0;Bachelor;;English
indeed;DataOps Analyst;CREDICORP CAPITAL;12/02/2026;fulltime;Power BI,DAX,SQL,SSIS,Data Modeling;Mid-Level;Data Analyst;On Site;Lima;LIM;PE;Lima, LIM, PE;1;Bachelor;;Spanish
indeed;After Sales Sr Analyst;Newell Brands;11/02/2026;fulltime;SQL,Excel,Power BI,Data Visualization;Mid-Level;Data Analyst;On Site;Lima;LIM;PE;Lima, LIM, PE;5;Bachelor;;Spanish
indeed;Financial Analyst;Siemens Energy;11/02/2026;fulltime;Looker, Google Cloud;Mid-Level;Data Analyst;Hybrid;Lima;LIM;PE;Lima, LIM, PE;8;Bachelor;Python, SQL, DAX;Spanish, English
indeed;Service Designer - Sr. Analyst;CREDICORP CAPITAL;6/02/2026;fulltime;Python, SQL, DAX, Excel, Power BI, Machine Learning, Azure, Power Query;Mid-Level;Data Analyst;On Site;Lima;LIM;PE;Lima, LIM, PE;0;Bachelor;SQL, R, JavaScript, CSS, DAX;Spanish
indeed;KYC Quality Control Analyst;eClerx;3/02/2026;fulltime;CSS, JavaScript, Agile, React, SSIS, SQL, DAX, SSAS, Tableau, R, Power BI, Azure, SSRS, AWS;Mid-Level;Data Analyst;On Site;Lima;LIM;PE;Lima, LIM, PE;3;Bachelor;SQL, R, JavaScript, CSS, DAX;Spanish
indeed;KYC Analyst;eClerx;3/02/2026;fulltime;CSS, JavaScript, Agile, React, SSIS, SQL, DAX, SSAS, Tableau, R, Power BI, Azure, SSRS, AWS;Mid-Level;Business Intelligence;On Site;Lima;LIM;PE;Lima, LIM, PE;0;Bachelor;Python, SQL;Spanish
linkedin;Analista de Datos - Azure;Inetum;12/03/2026;fulltime;Python, SQL, Looker, Excel, Power BI;Mid-Level;Data Engineer;Remote;Lima;LIM;PE;Lima, Peru;0;Bachelor;SQL;English
linkedin;Analista / Integrador de Datos - Azure;Inetum;12/03/2026;fulltime;SQL, ERP, Fabric, Power BI, , Azure;Senior;Data Engineer;Remote;San Isidro;LIM;PE;San Isidro, Peru;0;Bachelor;;English
linkedin;Analista de Gestión en Tiempo Real (GTR) – Call Center;Expertis Master Servicer and Collections;12/03/2026;fulltime;Excel,SQL,Power BI,Data Visualization;Mid-Level;Data Analyst;On Site;Santiago de Surco;LIM;PE;Santiago de Surco, Peru;0;Bachelor;;Spanish
linkedin;Semisenior Data Governance Analyst;Delfosti;12/03/2026;fulltime;Agile, Excel, Power BI, , Master;Mid-Level;Data Analyst;Remote;Lima;LIM;PE;Lima, Peru;0;Bachelor;Python, SQL;English
linkedin;Data Integration Engineer Principiante Avanzado;Inetum;12/03/2026;fulltime;Python, SQL, Looker, Excel, Power BI;Mid-Level;Data Analyst;On Site;Lima;LIM;PE;Lima, Peru;1;Bachelor;;Spanish
linkedin;Marketing Data Analyst;Prestamype;11/03/2026;fulltime;Excel,SQL,Power BI,Data Visualization;Mid-Level;Data Analyst;Remote;Lima;LIM;PE;Lima, Peru;0;Bachelor;;English
linkedin;Analista de Indicadores y Gestión de Información;Grupo Vanguard Internacional;11/03/2026;fulltime;SQL,Excel,Power BI,Data Visualization;Mid-Level;Data Analyst;On Site;Ica;ICA;PE;Ica, Ica, Peru;0;Bachelor;Python, SQL;Spanish
linkedin;Analista de Transformación / Procesos;Blue Fokus;11/03/2026;fulltime;SQL, Power BI, Python;Mid-Level;Business Intelligence;Hybrid;San Borja;LIM;PE;San Borja, Peru;5;Bachelor;;Spanish, English
linkedin;Ingeniero/a de Datos y Machine Learning;Gilat Perú;11/03/2026;fulltime;Power BI, Google Sheets, Excel, Jira;Mid-Level;Data Engineer;On Site;San Isidro;LIM;PE;San Isidro, Peru;0;Bachelor;;Spanish
linkedin;Analista de datos;Tata Consultancy Services;10/03/2026;fulltime;Power BI, Google Sheets, Excel, Jira;Mid-Level;Data Analyst;On Site;Lima;LIM;PE;Lima, Peru;5;Bachelor;;Spanish
linkedin;Data Analyst;Tata Consultancy Services;10/03/2026;fulltime;Power BI, Google Sheets, Excel, Jira;Mid-Level;Business Intelligence;On Site;Lima;LIM;PE;Lima, Peru;2;Bachelor;;Spanish
linkedin;Automatizador QA I;Ripley Chile;10/03/2026;fulltime;Excel,SQL,Power BI,Data Visualization;Mid-Level;Data Analyst;On Site;Lima;LIM;PE;Lima, Peru;5;Bachelor;;Spanish
linkedin;Practicante de Business Intelligence;Abbott;9/03/2026;fulltime;Excel,  MBA, Master;Senior;Business Intelligence;On Site;Lima;LIM;PE;Lima, Peru;0;Bachelor;;Spanish
linkedin;AI Data Quality Analyst;Alignerr;8/03/2026;fulltime;Power BI, Looker;Senior;Data Analyst;Hybrid;Lima;LIM;PE;Lima, Peru;0;Bachelor;SQL;Spanish, English
linkedin;Digital Analyst;Publicis Groupe;8/03/2026;fulltime;Azure, SQL, Databricks, GitHub;Lead;Business Intelligence;On Site;Lima;LIM;PE;Lima, Peru;3;Bachelor;Python, SQL;Spanish
linkedin;Coordinador de Inteligencia de Negocios;Machu Picchu Foods;6/03/2026;fulltime;Python, Spark, SQL, Excel, Power BI, Azure, Databricks;Mid-Level;Business Intelligence;On Site;Callao;LIM;PE;Callao, Constitutional Province of Callao, Peru;2;Bachelor;;Spanish
linkedin;Practicante Profesional de Data Analytics;Universidad Norbert Wiener;4/03/2026;fulltime;Power BI, SAP, Excel;Senior;Business Intelligence;On Site;Lima;LIM;PE;Lima, Peru;5;Bachelor;Python, SQL;Spanish
linkedin;Analista de Experiencia del Cliente - Data;Empresa Confidencial;3/03/2026;fulltime;Python, Agile, React, SQL, ;Mid-Level;Business Intelligence;Hybrid;Lima;LIM;PE;Lima, Peru;8;Bachelor;;Spanish, English
linkedin;Analytics Quality Engineer III (Lima);Qualifacts;2/03/2026;fulltime;Office, Power BI, Jira;Senior;Business Intelligence;Remote;Lima;LIM;PE;Lima, Peru;0;Bachelor;Python, SQL;English
linkedin;Especialista de Business Analytics;Entel Perú;27/02/2026;fulltime;SQL, Python, Looker, Excel;Lead;Data Engineer;On Site;Lima;LIM;PE;Lima, Peru;3;Bachelor;Python, SQL;Spanish
linkedin;Data Engineer;Perform;26/02/2026;fulltime;SQL, Python, Looker;Mid-Level;Data Engineer;On Site;Lima;LIM;PE;Lima, Peru;4;Bachelor;SQL, DAX;Spanish
linkedin;Analista de datos - Google Cloud Platform (GCP);NTT DATA Europe & Latam;25/02/2026;fulltime;SQL, DAX, SAP, , Excel, Salesforce, Power BI, , Power Automate, Power Pivot, Power Query, VBA;Mid-Level;Business Intelligence;Hybrid;Lima;LIM;PE;Lima, Peru;3;Master;SQL, DAX;Spanish, English
linkedin;Asistente/Analista Desarrollador Backend, Pacasmayo;Tecavi;25/02/2026;fulltime;SQL, DAX, SAP, , Excel, Salesforce, Power BI, , Power Automate, Power Pivot, Power Query, VBA;Mid-Level;Business Intelligence;Hybrid;Pacasmayo;LIB;PE;Pacasmayo, La Libertad, Peru;0;Master;;Spanish, English
linkedin;Ingeniero de datos (AWS);Valtx Perú;24/02/2026;fulltime;CMA, SAP, CPA, MBA, Master;Mid-Level;Business Intelligence;On Site;San Borja;LIM;PE;San Borja, Peru;3;Bachelor;SQL;Spanish
linkedin;KYC Quality Control Analyst;eClerx;24/02/2026;fulltime;Snowflake, SQL, ERP, Power BI, Azure, AWS;Lead;Data Analyst;Remote;Lima;LIM;PE;Lima, Peru;7;Bachelor;;English
linkedin;Agentic Software Engineer (OpenAI Codex) - Remote - Latin America;FullStack;23/02/2026;fulltime;Artificial Intelligence;Mid-Level;Business Intelligence;Hybrid;Lima;LIM;PE;Lima, Peru;0;MBA;;Spanish, English
linkedin;Practicante Profesional de Inteligencia Comercial;Universidad Peruana Cayetano Heredia;21/02/2026;fulltime;SQL,Excel,Power BI,Data Visualization;Lead;Data Analyst;On Site;San Isidro;LIM;PE;San Isidro, Peru;0;Bachelor;;Spanish
linkedin;Senior Business Analyst;Encora Inc.;19/02/2026;fulltime;SQL,Excel,Power BI,Data Visualization;Senior;Business Intelligence;On Site;Lima;LIM;PE;Lima, Peru;7;Bachelor;;Spanish
linkedin;Risk Data Scientist;Prestamype;18/02/2026;fulltime;SQL,Excel,Power BI,Data Visualization;Mid-Level;Data Analyst;Hybrid;Lima;LIM;PE;Lima, Peru;4;Bachelor;Python, SQL;Spanish, English
linkedin;Senior Business Analyst;Encora Inc.;15/02/2026;fulltime;Python, SciKit, SQL, NumPy, Tableau, Power BI, Pandas, Machine Learning, Azure, Tensor Flow, AWS;Mid-Level;Business Intelligence;On Site;Lima;LIM;PE;Lima, Peru;0;Bachelor;Python, SQL;Spanish
linkedin;Programador Sistema conteo de Bayas;AGRICOLA SANTA AZUL;13/02/2026;fulltime;SQL, Python;Lead;Business Intelligence;On Site;Barranca;BAR;PE;Barranca, Lima, Peru;5;Bachelor;Python, SQL, C#;Spanish
linkedin;Analista de Servicio Viajes | JR;Softtek;12/02/2026;fulltime;Python, Spark, C#, SQL, , AWS;Mid-Level;Data Analyst;On Site;San Isidro;LIM;PE;San Isidro, Peru;5;Bachelor;Python, SQL;Spanish
linkedin;Senior Business Analyst;Encora Inc.;8/02/2026;fulltime;Python, SciKit, Artificial Intelligence, SQL, Tableau, , Pandas;Lead;Data Analyst;Hybrid;Lima;LIM;PE;Lima, Peru;0;Bachelor;Python, SQL;Spanish, English
linkedin;Semi Senior/Senior Ingeniero de Datos - Sector Bancario;Devsu;5/02/2026;fulltime;Python, SQL, Power BI, Azure, Databricks;Mid-Level;Data Analyst;Remote;Lima;LIM;PE;Lima, Peru;0;Master;SQL;English
linkedin;Data Analysis;Kyndryl;1/02/2026;fulltime;Spark, Airflow, SQL, Google Cloud, Azure, Databricks, AWS;Lead;Data Analyst;On Site;Lima;LIM;PE;Lima, Peru;5;Bachelor;SQL, DAX;Spanish
linkedin;Analista de Business Intelligence;Apuesta Total;2/02/2026;fulltime;SQL, DAX, AWS, Power BI;Senior;Data Analyst;On Site;Lima;LIM;PE;Lima, Peru;3;Master;Python, SQL;Spanish
linkedin;Analyst Alteryx - Perú;Prediqt - Data to AI;3/02/2026;fulltime;Python, Spark, Airflow, SQL, Docker, Azure, AWS;Junior;Data Analyst;Remote;Lima;LIM;PE;Lima, Peru;3;Bachelor;SQL;English
linkedin;Senior Accounting Analyst (Project);Flix;4/02/2026;fulltime;SQL, Oracle, Google Cloud, Azure, MongoDB, AWS;Mid-Level;Business Intelligence;Remote;Lima;LIM;PE;Lima, Peru;0;Bachelor;;English
indeed;Enterprise Account Executive (B2B SaaS);ScaleUp;12/03/2026;fulltime;Python,SQL,Azure,Data Pipelines;Mid-Level;Business Intelligence;On Site;Chiclayo;CHI;PE;Chiclayo, LAM, PE;0;Bachelor;Python, SQL;Spanish
indeed;Analista Avanzado de Datos_AAD;VIDA SOFTWARE SAC;10/03/2026;fulltime;Python, Spark, SQL, Azure, AWS;Mid-Level;Data Analyst;Remote;Santiago de Surco;LIM;PE;Santiago de Surco, LIM, PE;0;Bachelor;Python, SQL;English
indeed;Pricing & Business Intelligence Specialist;Etex;9/03/2026;fulltime;Python, Spark, SQL, Azure, Databricks, AWS;Mid-Level;Data Engineer;Hybrid;Lima;LIM;PE;Lima, LIM, PE;0;Bachelor;;Spanish, English
indeed;Senior Artificial Intelligence/Machine Learning Engineer - Remote, Latin America;Bluelight Consulting;8/03/2026;fulltime;SQL,Excel,Power BI,Data Visualization;Mid-Level;Business Intelligence;Remote;Iquitos;IQU;PE;Iquitos, LOR, PE;0;Bachelor;;English
indeed;Practicante Pre Profesional;Scotiabank;6/03/2026;fulltime;SQL,Excel,Power BI,Data Visualization;Mid-Level;Data Engineer;On Site;Lima;LIM;PE;Lima, LIM, PE;10;MBA;;Spanish
indeed;Asistente- Customer Experience- Productos Académicos;DMS PERÚ;5/03/2026;fulltime;SQL,Excel,Power BI,Data Visualization;Junior;Data Analyst;On Site;San Isidro;LIM;PE;San Isidro, LIM, PE;0;Bachelor;;Spanish
indeed;Analista de Inteligencia de Mercado;Capital Estratégico S.A.C.;2/03/2026;fulltime;Oracle, SAP, ERP;Senior;Business Intelligence;On Site;Lima;LIM;PE;Lima, LIM, PE;0;Bachelor;;Spanish
indeed;Digital Marketing Coordinator / Junior;Smart Capital Center;2/03/2026;fulltime;SQL,Excel,Power BI,Data Visualization;Senior;Data Analyst;Remote;Remote;LIM;PE;Remote, PE;5;Bachelor;;English
indeed;Asistente profesional de despacho;Antapaccay;1/03/2026;fulltime;SQL,Excel,Power BI,Tableau,Data Visualization;Mid-Level;Data Analyst;On Site;Yauri;CUS;PE;Yauri, CUS, PE;5;Master;;Spanish
indeed;Practicante de Business Intelligence;Abbott;27/02/2026;fulltime;PowerPoint, Chat GPT, Artificial Intelligence, Excel, Power BI;Mid-Level;Data Analyst;Remote;Lima;LIM;PE;Lima, LIM, PE;2;Bachelor;SQL, Java;English
indeed;Business Planning Trainee;PUMA;26/02/2026;fulltime;Office, SQL, Java;Mid-Level;Business Intelligence;Remote;Lima;LIM;PE;Lima, LIM, PE;0;Master;;English
indeed;SE BUSCA ANALISTA EXPERTO EN EXCEL Y POWER BI;CONSTRUCTORA-CCBH;24/02/2026;fulltime;ERP, CPA, Google Sheets;Mid-Level;Business Intelligence;Remote;San Martín de Porres;LIM;PE;San Martín de Porres, LIM, PE;3;Bachelor;SQL;English
indeed;Business Planning Trainee;PUMA;24/02/2026;fulltime;SQL, Power BI, Excel, Jira;Mid-Level;Business Intelligence;On Site;Lima;LIM;PE;Lima, LIM, PE;2;Bachelor;;Spanish
indeed;Analista de Inteligencia Comercial;INVERAGRO;24/02/2026;fulltime;SQL,Excel,Power BI,Tableau,Data Visualization,Jira;Mid-Level;Data Engineer;Remote;Carabayllo;CAR;PE;Carabayllo, LIM, PE;0;Bachelor;SQL;English
indeed;Ingeniero de Datos;S.A.C.I. Falabella;21/02/2026;fulltime;Azure, SQL, Agile, AWS;Mid-Level;Data Engineer;Remote;Lima;LIM;PE;Lima, LIM, PE;0;Bachelor;;English
indeed;Business Development Manager;Purple Paani;12/02/2026;fulltime;SQL,Excel,Power BI,Data Visualization;Senior;Data Analyst;Remote;Lima;LIM;PE;Lima, LIM, PE;3;Bachelor;;English
indeed;Senior Manager - Mining and Metals - Peru;dss+;11/02/2026;fulltime;Power BI,DAX,SQL,SSIS,Data Modeling;Mid-Level;Data Analyst;On Site;Lima;LIM;PE;Lima, LIM, PE;0;Bachelor;;Spanish
indeed;Supervisor/a de Business Intelligence;Entel;9/02/2026;fulltime;Power BI,DAX,SQL,SSIS,Data Modeling;Junior;Business Intelligence;Remote;Lima;LIM;PE;Lima, LIM, PE;0;MBA;;English
linkedin;Coordinador de Inteligencia de negocios;Grupo V&V Soluciones;12/03/2026;fulltime;SQL,Excel,Power BI,Data Visualization;Mid-Level;Data Analyst;Hybrid;San Isidro;LIM;PE;San Isidro, Peru;2;Bachelor;;Spanish, English
linkedin;Business Development Data Analyst - Remote Work;BairesDev;10/03/2026;fulltime;Looker, Google Cloud;Mid-Level;Data Analyst;Remote;Lima;LIM;PE;Lima, Peru;0;Bachelor;Python, SQL, DAX;English
linkedin;Analista de BI;Sodexo;6/03/2026;fulltime;Python, SQL, DAX, Excel, Power BI, Machine Learning, Azure, Power Query;Senior;Data Analyst;Remote;San Borja;LIM;PE;San Borja, Peru;0;Bachelor;SQL, R, JavaScript, CSS, DAX;English
linkedin;Analista de Datos (Remoto - Latam);Quid Solutions;5/03/2026;fulltime;CSS, JavaScript, Agile, React, SSIS, SQL, DAX, SSAS, Tableau, R, Power BI, Azure, SSRS, AWS;Mid-Level;Data Analyst;Remote;Lima;LIM;PE;Lima, Peru;0;Bachelor;SQL, R, JavaScript, CSS, DAX;English
linkedin;Growth data analyst;Auna;2/03/2026;fulltime;CSS, JavaScript, Agile, React, SSIS, SQL, DAX, SSAS, Tableau, R, Power BI, Azure, SSRS, AWS;Senior;Data Analyst;On Site;Lima;LIM;PE;Lima, Peru;0;Bachelor;Python, SQL;Spanish
linkedin;Analista de Experiencia del Cliente;Banco Falabella Perú;27/02/2026;fulltime;Python, SQL, Looker, Excel, Power BI;Mid-Level;Data Analyst;Remote;Lima;LIM;PE;Lima, Peru;0;Bachelor;SQL;English
linkedin;Asistente de control y gestión;Transvial Lima;27/02/2026;fulltime;SQL, ERP, Fabric, Power BI, , Azure;Mid-Level;Data Analyst;On Site;Lima;LIM;PE;Lima, Peru;0;Bachelor;;Spanish
linkedin;Analista de Operaciones Comerciales y BI/Villa el Salvador;Zapler;27/02/2026;fulltime;Excel,SQL,Power BI,Data Visualization;Senior;Business Intelligence;Remote;Lima;LIM;PE;Lima, Peru;2;MBA;;English
linkedin;Lead Business Intelligence Analyst;Encora Inc.;26/02/2026;fulltime;Agile, Excel, Power BI, , Master;Mid-Level;Data Analyst;Hybrid;Lima;LIM;PE;Lima, Peru;0;Bachelor;Python, SQL;Spanish, English
linkedin;BI Engineer (Lima);Qualifacts;26/02/2026;fulltime;Python, SQL, Looker, Excel, Power BI;Mid-Level;Data Analyst;On Site;Lima;LIM;PE;Lima, Peru;3;Bachelor;;Spanish
linkedin;Analista de Tiempo Real;Corporación Educativa USIL;22/02/2026;fulltime;Excel,SQL,Power BI,Data Visualization;Senior;Data Analyst;On Site;La Molina;LIM;PE;La Molina, Peru;0;Bachelor;;Spanish
linkedin;Ingeniero de Datos;Tottus;22/02/2026;fulltime;SQL,Excel,Power BI,Data Visualization;Mid-Level;Data Engineer;On Site;Lima;LIM;PE;Lima, Peru;0;Bachelor;Python, SQL;Spanish
linkedin;QE Lead (Lima);Qualifacts;22/02/2026;fulltime;SQL, Power BI, Python;Mid-Level;Data Analyst;Hybrid;Lima;LIM;PE;Lima, Peru;6;Bachelor;;Spanish, English
linkedin;Head de Analytics & Research;Empresa Confidencial;20/02/2026;fulltime;Power BI, Google Sheets, Excel, Jira;Mid-Level;Data Analyst;On Site;Lima;LIM;PE;Lima, Peru;4;Bachelor;;Spanish
linkedin;Data Modeler;Encora Inc.;18/02/2026;fulltime;Power BI, Google Sheets, Excel, Jira;Mid-Level;Business Intelligence;Remote;Lima;LIM;PE;Lima, Peru;3;Bachelor;;English
linkedin;Analista de Business Intelligence;Industrias San Miguel;17/02/2026;fulltime;Power BI, Google Sheets, Excel, Jira;Lead;Business Intelligence;On Site;Santiago de Surco;LIM;PE;Santiago de Surco, Peru;1;Bachelor;;Spanish
linkedin;Analista de Business Intelligence (BI) // BI Engineer;Bitel;17/02/2026;fulltime;Excel,SQL,Power BI,Data Visualization;Mid-Level;Data Analyst;Remote;San Isidro;LIM;PE;San Isidro, Peru;0;Bachelor;;English
linkedin;Analista de base de datos para call center de cobranza + planilla completa;CLASA NET S.A.;13/02/2026;fulltime;Excel,  MBA, Master;Mid-Level;Data Analyst;Remote;Magdalena del Mar;LIM;PE;Magdalena del Mar, Peru;2;Bachelor;;English
linkedin;Asistente de business intelligence Junior;La número 1;11/02/2026;fulltime;Power BI, Looker;Mid-Level;Data Analyst;Remote;La Victoria;LIM;PE;La Victoria, Peru;1;Bachelor;SQL;English
linkedin;SAP-Azure Data Engineer;Agentic Dream;8/02/2026;fulltime;Azure, SQL, Databricks, GitHub;Mid-Level;Data Analyst;Remote;Lima;LIM;PE;Lima, Peru;0;Bachelor;Python, SQL;English
linkedin;Senior SRE Engineer (Temporary Contract);Applaudo;9/02/2026;fulltime;Python, Spark, SQL, Excel, Power BI, Azure, Databricks;Mid-Level;Data Analyst;Remote;Lima;LIM;PE;Lima, Peru;0;Bachelor;;English
